--
-- PostgreSQL database dump
--

-- Dumped from database version 9.6.3
-- Dumped by pg_dump version 9.6.3

SET statement_timeout = 0;
SET lock_timeout = 0;
SET idle_in_transaction_session_timeout = 0;
SET client_encoding = 'UTF8';
SET standard_conforming_strings = on;
SET check_function_bodies = false;
SET client_min_messages = warning;
SET row_security = off;

--
-- Name: plpgsql; Type: EXTENSION; Schema: -; Owner: 
--

CREATE EXTENSION IF NOT EXISTS plpgsql WITH SCHEMA pg_catalog;


--
-- Name: EXTENSION plpgsql; Type: COMMENT; Schema: -; Owner: 
--

COMMENT ON EXTENSION plpgsql IS 'PL/pgSQL procedural language';


SET search_path = public, pg_catalog;

SET default_tablespace = '';

SET default_with_oids = false;

--
-- Name: eye_config; Type: TABLE; Schema: public; Owner: postgres
--

CREATE TABLE eye_config (
    id integer NOT NULL,
    name character varying(255) NOT NULL,
    value character varying(255),
    created_at timestamp(0) without time zone,
    updated_at timestamp(0) without time zone
);


ALTER TABLE eye_config OWNER TO postgres;

--
-- Name: eye_config_id_seq; Type: SEQUENCE; Schema: public; Owner: postgres
--

CREATE SEQUENCE eye_config_id_seq
    START WITH 1
    INCREMENT BY 1
    NO MINVALUE
    NO MAXVALUE
    CACHE 1;


ALTER TABLE eye_config_id_seq OWNER TO postgres;

--
-- Name: eye_config_id_seq; Type: SEQUENCE OWNED BY; Schema: public; Owner: postgres
--

ALTER SEQUENCE eye_config_id_seq OWNED BY eye_config.id;


--
-- Name: lines; Type: TABLE; Schema: public; Owner: postgres
--

CREATE TABLE lines (
    id integer NOT NULL,
    name character varying(255) NOT NULL,
    created_at timestamp(0) without time zone,
    updated_at timestamp(0) without time zone,
    type smallint
);


ALTER TABLE lines OWNER TO postgres;

--
-- Name: lines_id_seq; Type: SEQUENCE; Schema: public; Owner: postgres
--

CREATE SEQUENCE lines_id_seq
    START WITH 1
    INCREMENT BY 1
    NO MINVALUE
    NO MAXVALUE
    CACHE 1;


ALTER TABLE lines_id_seq OWNER TO postgres;

--
-- Name: lines_id_seq; Type: SEQUENCE OWNED BY; Schema: public; Owner: postgres
--

ALTER SEQUENCE lines_id_seq OWNED BY lines.id;


--
-- Name: migrations; Type: TABLE; Schema: public; Owner: postgres
--

CREATE TABLE migrations (
    id integer NOT NULL,
    migration character varying(255) NOT NULL,
    batch integer NOT NULL
);


ALTER TABLE migrations OWNER TO postgres;

--
-- Name: migrations_id_seq; Type: SEQUENCE; Schema: public; Owner: postgres
--

CREATE SEQUENCE migrations_id_seq
    START WITH 1
    INCREMENT BY 1
    NO MINVALUE
    NO MAXVALUE
    CACHE 1;


ALTER TABLE migrations_id_seq OWNER TO postgres;

--
-- Name: migrations_id_seq; Type: SEQUENCE OWNED BY; Schema: public; Owner: postgres
--

ALTER SEQUENCE migrations_id_seq OWNED BY migrations.id;


--
-- Name: node_properties; Type: TABLE; Schema: public; Owner: postgres
--

CREATE TABLE node_properties (
    id integer NOT NULL,
    name character varying(255) NOT NULL,
    alias character varying(255),
    value character varying(255),
    node_id integer,
    created_at timestamp(0) without time zone,
    updated_at timestamp(0) without time zone
);


ALTER TABLE node_properties OWNER TO postgres;

--
-- Name: node_properties_id_seq; Type: SEQUENCE; Schema: public; Owner: postgres
--

CREATE SEQUENCE node_properties_id_seq
    START WITH 1
    INCREMENT BY 1
    NO MINVALUE
    NO MAXVALUE
    CACHE 1;


ALTER TABLE node_properties_id_seq OWNER TO postgres;

--
-- Name: node_properties_id_seq; Type: SEQUENCE OWNED BY; Schema: public; Owner: postgres
--

ALTER SEQUENCE node_properties_id_seq OWNED BY node_properties.id;


--
-- Name: node_types; Type: TABLE; Schema: public; Owner: postgres
--

CREATE TABLE node_types (
    id integer NOT NULL,
    name character varying(255) NOT NULL,
    icon character varying(255),
    created_at timestamp(0) without time zone,
    updated_at timestamp(0) without time zone
);


ALTER TABLE node_types OWNER TO postgres;

--
-- Name: node_types_id_seq; Type: SEQUENCE; Schema: public; Owner: postgres
--

CREATE SEQUENCE node_types_id_seq
    START WITH 1
    INCREMENT BY 1
    NO MINVALUE
    NO MAXVALUE
    CACHE 1;


ALTER TABLE node_types_id_seq OWNER TO postgres;

--
-- Name: node_types_id_seq; Type: SEQUENCE OWNED BY; Schema: public; Owner: postgres
--

ALTER SEQUENCE node_types_id_seq OWNED BY node_types.id;


--
-- Name: node_types_node_types; Type: TABLE; Schema: public; Owner: postgres
--

CREATE TABLE node_types_node_types (
    parent_id integer,
    child_id integer,
    created_at timestamp(0) without time zone,
    updated_at timestamp(0) without time zone
);


ALTER TABLE node_types_node_types OWNER TO postgres;

--
-- Name: nodes; Type: TABLE; Schema: public; Owner: postgres
--

CREATE TABLE nodes (
    id integer NOT NULL,
    name character varying(255) NOT NULL,
    type_id integer NOT NULL,
    line_id integer,
    parent_id integer,
    created_at timestamp(0) without time zone,
    updated_at timestamp(0) without time zone,
    description character varying(255),
    fullname character varying(255),
    options json
);


ALTER TABLE nodes OWNER TO postgres;

--
-- Name: nodes_id_seq; Type: SEQUENCE; Schema: public; Owner: postgres
--

CREATE SEQUENCE nodes_id_seq
    START WITH 1
    INCREMENT BY 1
    NO MINVALUE
    NO MAXVALUE
    CACHE 1;


ALTER TABLE nodes_id_seq OWNER TO postgres;

--
-- Name: nodes_id_seq; Type: SEQUENCE OWNED BY; Schema: public; Owner: postgres
--

ALTER SEQUENCE nodes_id_seq OWNED BY nodes.id;


--
-- Name: password_resets; Type: TABLE; Schema: public; Owner: postgres
--

CREATE TABLE password_resets (
    email character varying(255) NOT NULL,
    token character varying(255) NOT NULL,
    created_at timestamp(0) without time zone
);


ALTER TABLE password_resets OWNER TO postgres;

--
-- Name: users; Type: TABLE; Schema: public; Owner: postgres
--

CREATE TABLE users (
    id integer NOT NULL,
    name character varying(255) NOT NULL,
    email character varying(255) NOT NULL,
    password character varying(255) NOT NULL,
    remember_token character varying(100),
    created_at timestamp(0) without time zone,
    updated_at timestamp(0) without time zone
);


ALTER TABLE users OWNER TO postgres;

--
-- Name: users_id_seq; Type: SEQUENCE; Schema: public; Owner: postgres
--

CREATE SEQUENCE users_id_seq
    START WITH 1
    INCREMENT BY 1
    NO MINVALUE
    NO MAXVALUE
    CACHE 1;


ALTER TABLE users_id_seq OWNER TO postgres;

--
-- Name: users_id_seq; Type: SEQUENCE OWNED BY; Schema: public; Owner: postgres
--

ALTER SEQUENCE users_id_seq OWNED BY users.id;


--
-- Name: eye_config id; Type: DEFAULT; Schema: public; Owner: postgres
--

ALTER TABLE ONLY eye_config ALTER COLUMN id SET DEFAULT nextval('eye_config_id_seq'::regclass);


--
-- Name: lines id; Type: DEFAULT; Schema: public; Owner: postgres
--

ALTER TABLE ONLY lines ALTER COLUMN id SET DEFAULT nextval('lines_id_seq'::regclass);


--
-- Name: migrations id; Type: DEFAULT; Schema: public; Owner: postgres
--

ALTER TABLE ONLY migrations ALTER COLUMN id SET DEFAULT nextval('migrations_id_seq'::regclass);


--
-- Name: node_properties id; Type: DEFAULT; Schema: public; Owner: postgres
--

ALTER TABLE ONLY node_properties ALTER COLUMN id SET DEFAULT nextval('node_properties_id_seq'::regclass);


--
-- Name: node_types id; Type: DEFAULT; Schema: public; Owner: postgres
--

ALTER TABLE ONLY node_types ALTER COLUMN id SET DEFAULT nextval('node_types_id_seq'::regclass);


--
-- Name: nodes id; Type: DEFAULT; Schema: public; Owner: postgres
--

ALTER TABLE ONLY nodes ALTER COLUMN id SET DEFAULT nextval('nodes_id_seq'::regclass);


--
-- Name: users id; Type: DEFAULT; Schema: public; Owner: postgres
--

ALTER TABLE ONLY users ALTER COLUMN id SET DEFAULT nextval('users_id_seq'::regclass);


--
-- Data for Name: eye_config; Type: TABLE DATA; Schema: public; Owner: postgres
--

COPY eye_config (id, name, value, created_at, updated_at) FROM stdin;
2	globalRootNode	WORLD	2017-11-18 11:19:50	2017-11-18 11:19:50
3	currentRootNode	WORLD	2017-11-18 11:19:50	2017-11-18 11:19:50
\.


--
-- Name: eye_config_id_seq; Type: SEQUENCE SET; Schema: public; Owner: postgres
--

SELECT pg_catalog.setval('eye_config_id_seq', 3, true);


--
-- Data for Name: lines; Type: TABLE DATA; Schema: public; Owner: postgres
--

COPY lines (id, name, created_at, updated_at, type) FROM stdin;
\.


--
-- Name: lines_id_seq; Type: SEQUENCE SET; Schema: public; Owner: postgres
--

SELECT pg_catalog.setval('lines_id_seq', 76, true);


--
-- Data for Name: migrations; Type: TABLE DATA; Schema: public; Owner: postgres
--

COPY migrations (id, migration, batch) FROM stdin;
429	2014_10_12_000000_create_users_table	3
430	2014_10_12_100000_create_password_resets_table	3
432	2017_07_24_104404_create_lines_table	3
433	2017_07_25_084006_create_nodes_table	3
435	2017_08_14_102414_create_link_table	3
436	2017_08_16_051456_create_node_properties	3
211	2017_08_03_101445_nodetypes	1
437	2017_08_10_095218_create_type2type_table	4
441	2017_11_16_091338_create_eye_config_table	5
451	2017_07_24_101445_create_node_types_table	6
\.


--
-- Name: migrations_id_seq; Type: SEQUENCE SET; Schema: public; Owner: postgres
--

SELECT pg_catalog.setval('migrations_id_seq', 451, true);


--
-- Data for Name: node_properties; Type: TABLE DATA; Schema: public; Owner: postgres
--

COPY node_properties (id, name, alias, value, node_id, created_at, updated_at) FROM stdin;
\.


--
-- Name: node_properties_id_seq; Type: SEQUENCE SET; Schema: public; Owner: postgres
--

SELECT pg_catalog.setval('node_properties_id_seq', 8384, true);


--
-- Data for Name: node_types; Type: TABLE DATA; Schema: public; Owner: postgres
--

COPY node_types (id, name, icon, created_at, updated_at) FROM stdin;
1	Мир	\N	2017-11-18 13:52:30	2017-11-18 13:52:30
2	Здание	building-o	2017-11-18 13:52:30	2017-11-18 13:52:30
3	Помещение	sign-in	2017-11-18 13:52:30	2017-11-18 13:52:30
4	ПСП	braille	2017-11-18 13:52:30	2017-11-18 13:52:30
5	Гребенка (60 пар)	microchip	2017-11-18 13:52:30	2017-11-18 13:52:30
6	Бокс (100 пар)	microchip	2017-11-18 13:52:30	2017-11-18 13:52:30
7	СПМ	braille	2017-11-18 13:52:30	2017-11-18 13:52:30
8	Плата (КС)	object-group	2017-11-18 13:52:30	2017-11-18 13:52:30
9	Плата (КСС)	object-group	2017-11-18 13:52:30	2017-11-18 13:52:30
10	Шкаф (кросс)	object-group	2017-11-18 13:52:30	2017-11-18 13:52:30
11	Бокс (кросс)	microchip	2017-11-18 13:52:30	2017-11-18 13:52:30
12	Шкаф (телеком)	object-group	2017-11-18 13:52:30	2017-11-18 13:52:30
13	Crone rack	object-group	2017-11-18 13:52:30	2017-11-18 13:52:30
14	Гребенка Crone (10 пар)	microchip	2017-11-18 13:52:30	2017-11-18 13:52:30
15	Патч-панель (24 порта)	ellipsis-h	2017-11-18 13:52:30	2017-11-18 13:52:30
16	Пара	\N	2017-11-18 13:52:30	2017-11-18 13:52:30
\.


--
-- Name: node_types_id_seq; Type: SEQUENCE SET; Schema: public; Owner: postgres
--

SELECT pg_catalog.setval('node_types_id_seq', 16, true);


--
-- Data for Name: node_types_node_types; Type: TABLE DATA; Schema: public; Owner: postgres
--

COPY node_types_node_types (parent_id, child_id, created_at, updated_at) FROM stdin;
1	2	\N	\N
2	3	\N	\N
3	4	\N	\N
4	5	\N	\N
4	6	\N	\N
3	7	\N	\N
7	8	\N	\N
7	9	\N	\N
3	10	\N	\N
10	11	\N	\N
3	12	\N	\N
12	13	\N	\N
13	14	\N	\N
12	15	\N	\N
5	16	\N	\N
6	16	\N	\N
8	16	\N	\N
9	16	\N	\N
11	16	\N	\N
14	16	\N	\N
15	16	\N	\N
\.


--
-- Data for Name: nodes; Type: TABLE DATA; Schema: public; Owner: postgres
--

COPY nodes (id, name, type_id, line_id, parent_id, created_at, updated_at, description, fullname, options) FROM stdin;
\.


--
-- Name: nodes_id_seq; Type: SEQUENCE SET; Schema: public; Owner: postgres
--

SELECT pg_catalog.setval('nodes_id_seq', 4182, true);


--
-- Data for Name: password_resets; Type: TABLE DATA; Schema: public; Owner: postgres
--

COPY password_resets (email, token, created_at) FROM stdin;
\.


--
-- Data for Name: users; Type: TABLE DATA; Schema: public; Owner: postgres
--

COPY users (id, name, email, password, remember_token, created_at, updated_at) FROM stdin;
\.


--
-- Name: users_id_seq; Type: SEQUENCE SET; Schema: public; Owner: postgres
--

SELECT pg_catalog.setval('users_id_seq', 1, false);


--
-- Name: eye_config eye_config_pkey; Type: CONSTRAINT; Schema: public; Owner: postgres
--

ALTER TABLE ONLY eye_config
    ADD CONSTRAINT eye_config_pkey PRIMARY KEY (id);


--
-- Name: lines lines_pkey; Type: CONSTRAINT; Schema: public; Owner: postgres
--

ALTER TABLE ONLY lines
    ADD CONSTRAINT lines_pkey PRIMARY KEY (id);


--
-- Name: migrations migrations_pkey; Type: CONSTRAINT; Schema: public; Owner: postgres
--

ALTER TABLE ONLY migrations
    ADD CONSTRAINT migrations_pkey PRIMARY KEY (id);


--
-- Name: node_properties node_properties_pkey; Type: CONSTRAINT; Schema: public; Owner: postgres
--

ALTER TABLE ONLY node_properties
    ADD CONSTRAINT node_properties_pkey PRIMARY KEY (id);


--
-- Name: node_types node_types_pkey; Type: CONSTRAINT; Schema: public; Owner: postgres
--

ALTER TABLE ONLY node_types
    ADD CONSTRAINT node_types_pkey PRIMARY KEY (id);


--
-- Name: nodes nodes_pkey; Type: CONSTRAINT; Schema: public; Owner: postgres
--

ALTER TABLE ONLY nodes
    ADD CONSTRAINT nodes_pkey PRIMARY KEY (id);


--
-- Name: users users_email_unique; Type: CONSTRAINT; Schema: public; Owner: postgres
--

ALTER TABLE ONLY users
    ADD CONSTRAINT users_email_unique UNIQUE (email);


--
-- Name: users users_pkey; Type: CONSTRAINT; Schema: public; Owner: postgres
--

ALTER TABLE ONLY users
    ADD CONSTRAINT users_pkey PRIMARY KEY (id);


--
-- Name: eye_config_name_index; Type: INDEX; Schema: public; Owner: postgres
--

CREATE INDEX eye_config_name_index ON eye_config USING btree (name);


--
-- Name: id; Type: INDEX; Schema: public; Owner: postgres
--

CREATE INDEX id ON nodes USING btree (id);


--
-- Name: id1; Type: INDEX; Schema: public; Owner: postgres
--

CREATE INDEX id1 ON node_properties USING btree (id);


--
-- Name: line; Type: INDEX; Schema: public; Owner: postgres
--

CREATE INDEX line ON nodes USING btree (line_id);


--
-- Name: name; Type: INDEX; Schema: public; Owner: postgres
--

CREATE INDEX name ON nodes USING btree (name);


--
-- Name: parent_id; Type: INDEX; Schema: public; Owner: postgres
--

CREATE INDEX parent_id ON nodes USING btree (parent_id);


--
-- Name: password_resets_email_index; Type: INDEX; Schema: public; Owner: postgres
--

CREATE INDEX password_resets_email_index ON password_resets USING btree (email);


--
-- Name: node_properties node_properties_node_id_foreign; Type: FK CONSTRAINT; Schema: public; Owner: postgres
--

ALTER TABLE ONLY node_properties
    ADD CONSTRAINT node_properties_node_id_foreign FOREIGN KEY (node_id) REFERENCES nodes(id) ON DELETE CASCADE;


--
-- Name: node_types_node_types node_types_node_types_child_id_foreign; Type: FK CONSTRAINT; Schema: public; Owner: postgres
--

ALTER TABLE ONLY node_types_node_types
    ADD CONSTRAINT node_types_node_types_child_id_foreign FOREIGN KEY (child_id) REFERENCES node_types(id) ON DELETE CASCADE;


--
-- Name: node_types_node_types node_types_node_types_parent_id_foreign; Type: FK CONSTRAINT; Schema: public; Owner: postgres
--

ALTER TABLE ONLY node_types_node_types
    ADD CONSTRAINT node_types_node_types_parent_id_foreign FOREIGN KEY (parent_id) REFERENCES node_types(id) ON DELETE CASCADE;


--
-- Name: nodes nodes_line_id_foreign; Type: FK CONSTRAINT; Schema: public; Owner: postgres
--

ALTER TABLE ONLY nodes
    ADD CONSTRAINT nodes_line_id_foreign FOREIGN KEY (line_id) REFERENCES lines(id);


--
-- Name: nodes nodes_parent_id_foreign; Type: FK CONSTRAINT; Schema: public; Owner: postgres
--

ALTER TABLE ONLY nodes
    ADD CONSTRAINT nodes_parent_id_foreign FOREIGN KEY (parent_id) REFERENCES nodes(id) ON DELETE CASCADE;


--
-- PostgreSQL database dump complete
--

